{"cameraMode":{"drawMode":0,"name":"Shaded","section":"Shading Mode"},"sceneLighting":false,"audioPlay":false,"sceneViewState":{"m_AlwaysRefresh":false,"showFog":true,"showSkybox":false,"showFlares":true,"showImageEffects":true,"showParticleSystems":true,"showVisualEffectGraphs":true,"m_FxEnabled":true},"in2DMode":false,"pivot":{"x":-0.04150496423244476,"y":0.9332830905914307,"z":-0.02417987585067749},"rotation":{"x":-0.19069945812225343,"y":0.17389480769634248,"z":-0.03434446081519127,"w":-0.9655174612998962},"size":1.441461443901062,"orthographic":false}