{"cameraMode":{"drawMode":0,"name":"Shaded","section":"Shading Mode"},"sceneLighting":false,"audioPlay":false,"sceneViewState":{"m_AlwaysRefresh":false,"showFog":true,"showSkybox":false,"showFlares":true,"showImageEffects":true,"showParticleSystems":true,"showVisualEffectGraphs":true,"m_FxEnabled":true},"in2DMode":false,"pivot":{"x":-0.01821606419980526,"y":0.34237349033355715,"z":-1.1292401552200318},"rotation":{"x":0.05005911737680435,"y":0.933708667755127,"z":-0.3238873779773712,"w":0.14426040649414063},"size":1.4980045557022095,"orthographic":false}