{"cameraMode":{"drawMode":0,"name":"Shaded","section":"Shading Mode"},"sceneLighting":true,"audioPlay":false,"sceneViewState":{"m_AlwaysRefresh":false,"showFog":true,"showSkybox":true,"showFlares":true,"showImageEffects":true,"showParticleSystems":true,"showVisualEffectGraphs":true,"m_FxEnabled":true},"in2DMode":false,"pivot":{"x":123.90271759033203,"y":151.0692596435547,"z":-26.178247451782228},"rotation":{"x":0.01589233987033367,"y":-0.8730943202972412,"z":0.48665475845336916,"w":0.02854924090206623},"size":245.3633575439453,"orthographic":true}