{"cameraMode":{"drawMode":0,"name":"Shaded","section":"Shading Mode"},"sceneLighting":false,"audioPlay":false,"sceneViewState":{"m_AlwaysRefresh":false,"showFog":true,"showSkybox":true,"showFlares":true,"showImageEffects":true,"showParticleSystems":true,"showVisualEffectGraphs":true,"m_FxEnabled":true},"in2DMode":false,"pivot":{"x":23.825178146362306,"y":42.93217086791992,"z":80.79341125488281},"rotation":{"x":0.18403570353984834,"y":0.09654579311609268,"z":-0.018167536705732347,"w":0.9780020117759705},"size":3.0853993892669679,"orthographic":false}