{"cameraMode":{"drawMode":0,"name":"Shaded","section":"Shading Mode"},"sceneLighting":false,"audioPlay":false,"sceneViewState":{"m_AlwaysRefresh":false,"showFog":true,"showSkybox":true,"showFlares":true,"showImageEffects":true,"showParticleSystems":true,"showVisualEffectGraphs":true,"m_FxEnabled":true},"in2DMode":false,"pivot":{"x":116.52999877929688,"y":29.777999877929689,"z":905.3419799804688},"rotation":{"x":0.03179190680384636,"y":0.9629628658294678,"z":-0.23350827395915986,"w":0.13108469545841218},"size":1.1785410642623902,"orthographic":false}