{"cameraMode":{"drawMode":0,"name":"Shaded","section":"Shading Mode"},"sceneLighting":true,"audioPlay":false,"sceneViewState":{"m_AlwaysRefresh":false,"showFog":true,"showSkybox":true,"showFlares":true,"showImageEffects":true,"showParticleSystems":true,"showVisualEffectGraphs":true,"m_FxEnabled":true},"in2DMode":false,"pivot":{"x":23.515371322631837,"y":33.87947463989258,"z":45.295738220214847},"rotation":{"x":0.006788140162825584,"y":-0.9933292269706726,"z":0.08363368362188339,"w":0.08031293749809265},"size":0.9099892973899841,"orthographic":true}