{"cameraMode":{"drawMode":0,"name":"Shaded","section":"Shading Mode"},"sceneLighting":true,"audioPlay":false,"sceneViewState":{"m_AlwaysRefresh":false,"showFog":true,"showSkybox":true,"showFlares":true,"showImageEffects":true,"showParticleSystems":true,"showVisualEffectGraphs":true,"m_FxEnabled":true},"in2DMode":false,"pivot":{"x":27.216747283935548,"y":4.196804046630859,"z":-16.39434051513672},"rotation":{"x":0.037684258073568347,"y":-0.5854256749153137,"z":0.027220172807574273,"w":0.8095089793205261},"size":4.279875755310059,"orthographic":true}