{"cameraMode":{"drawMode":0,"name":"Shaded","section":"Shading Mode"},"sceneLighting":false,"audioPlay":false,"sceneViewState":{"m_AlwaysRefresh":false,"showFog":true,"showSkybox":true,"showFlares":true,"showImageEffects":true,"showParticleSystems":true,"showVisualEffectGraphs":true,"m_FxEnabled":true},"in2DMode":false,"pivot":{"x":282.23651123046877,"y":-4.912169456481934,"z":826.5505981445313},"rotation":{"x":-0.004314451478421688,"y":0.9646230936050415,"z":-0.26384809613227847,"w":-0.014398917555809021},"size":33.579280853271487,"orthographic":true}