{"cameraMode":{"drawMode":0,"name":"Shaded","section":"Shading Mode"},"sceneLighting":true,"audioPlay":false,"sceneViewState":{"m_AlwaysRefresh":false,"showFog":true,"showSkybox":true,"showFlares":true,"showImageEffects":true,"showParticleSystems":true,"showVisualEffectGraphs":true,"m_FxEnabled":true},"in2DMode":false,"pivot":{"x":53.692440032958987,"y":3.0400896072387697,"z":940.3587036132813},"rotation":{"x":0.41630247235298159,"y":0.2184002846479416,"z":-0.10372748225927353,"w":0.8765382170677185},"size":581.0697631835938,"orthographic":true}