{"cameraMode":{"drawMode":0,"name":"Shaded","section":"Shading Mode"},"sceneLighting":false,"audioPlay":false,"sceneViewState":{"m_AlwaysRefresh":false,"showFog":true,"showSkybox":true,"showFlares":true,"showImageEffects":true,"showParticleSystems":true,"showVisualEffectGraphs":true,"m_FxEnabled":true},"in2DMode":false,"pivot":{"x":27.228710174560548,"y":18.664989471435548,"z":58.199951171875},"rotation":{"x":0.21436543762683869,"y":0.46021732687950137,"z":-0.11555443704128266,"w":0.8537554144859314},"size":44.023807525634769,"orthographic":false}