{"cameraMode":{"drawMode":0,"name":"Shaded","section":"Shading Mode"},"sceneLighting":false,"audioPlay":false,"sceneViewState":{"m_AlwaysRefresh":false,"showFog":true,"showSkybox":true,"showFlares":true,"showImageEffects":true,"showParticleSystems":true,"showVisualEffectGraphs":true,"m_FxEnabled":true},"in2DMode":false,"pivot":{"x":116.52891540527344,"y":29.774288177490236,"z":905.341064453125},"rotation":{"x":0.1461581289768219,"y":0.8260435461997986,"z":-0.24955955147743226,"w":0.48376530408859255},"size":0.08225253969430924,"orthographic":false}