{"cameraMode":{"drawMode":0,"name":"Shaded","section":"Shading Mode"},"sceneLighting":true,"audioPlay":false,"sceneViewState":{"m_AlwaysRefresh":false,"showFog":true,"showSkybox":true,"showFlares":true,"showImageEffects":true,"showParticleSystems":true,"showVisualEffectGraphs":true,"m_FxEnabled":true},"in2DMode":false,"pivot":{"x":34.52399826049805,"y":32.566001892089847,"z":39.7400016784668},"rotation":{"x":-0.11273705959320069,"y":0.42968499660491946,"z":-0.05416309833526611,"w":-0.8942869305610657},"size":1.8768385648727418,"orthographic":true}