{"cameraMode":{"drawMode":0,"name":"Shaded","section":"Shading Mode"},"sceneLighting":false,"audioPlay":false,"sceneViewState":{"m_AlwaysRefresh":false,"showFog":true,"showSkybox":true,"showFlares":true,"showImageEffects":true,"showParticleSystems":true,"showVisualEffectGraphs":true,"m_FxEnabled":true},"in2DMode":false,"pivot":{"x":-0.5250000953674316,"y":3.7125182151794435,"z":20.487762451171876},"rotation":{"x":0.27535903453826907,"y":0.24596458673477174,"z":-0.07310415804386139,"w":0.9264677166938782},"size":15.137593269348145,"orthographic":true}