{"cameraMode":{"drawMode":0,"name":"Shaded","section":"Shading Mode"},"sceneLighting":false,"audioPlay":false,"sceneViewState":{"m_AlwaysRefresh":false,"showFog":true,"showSkybox":true,"showFlares":true,"showImageEffects":true,"showParticleSystems":true,"showVisualEffectGraphs":true,"m_FxEnabled":true},"in2DMode":false,"pivot":{"x":7.397793292999268,"y":-1.4981743097305298,"z":19.870487213134767},"rotation":{"x":0.13875913619995118,"y":0.2110109031200409,"z":-0.030262719839811326,"w":0.9671312570571899},"size":9.802682876586914,"orthographic":false}