{"cameraMode":{"drawMode":0,"name":"Shaded","section":"Shading Mode"},"sceneLighting":false,"audioPlay":false,"sceneViewState":{"m_AlwaysRefresh":false,"showFog":true,"showSkybox":true,"showFlares":true,"showImageEffects":true,"showParticleSystems":true,"showVisualEffectGraphs":true,"m_FxEnabled":true},"in2DMode":false,"pivot":{"x":-0.08472037315368653,"y":2.6600027084350588,"z":4.890497207641602},"rotation":{"x":-0.21762722730636598,"y":-0.4547558128833771,"z":0.11562809348106384,"w":-0.8558565378189087},"size":1.5522969961166382,"orthographic":false}