{"cameraMode":{"drawMode":0,"name":"Shaded","section":"Shading Mode"},"sceneLighting":false,"audioPlay":false,"sceneViewState":{"m_AlwaysRefresh":false,"showFog":true,"showSkybox":true,"showFlares":true,"showImageEffects":true,"showParticleSystems":true,"showVisualEffectGraphs":true,"m_FxEnabled":true},"in2DMode":false,"pivot":{"x":347.9758605957031,"y":0.7199735045433044,"z":771.7910766601563},"rotation":{"x":0.2991979122161865,"y":0.49208369851112368,"z":-0.18488331139087678,"w":0.7963395714759827},"size":28.443153381347658,"orthographic":true}