{"cameraMode":{"drawMode":0,"name":"Shaded","section":"Shading Mode"},"sceneLighting":false,"audioPlay":false,"sceneViewState":{"m_AlwaysRefresh":false,"showFog":true,"showSkybox":true,"showFlares":true,"showImageEffects":true,"showParticleSystems":true,"showVisualEffectGraphs":true,"m_FxEnabled":true},"in2DMode":false,"pivot":{"x":7.901551723480225,"y":4.5776286125183109,"z":31.12649917602539},"rotation":{"x":0.21942183375358582,"y":0.20742197334766389,"z":-0.04780128225684166,"w":0.9521259665489197},"size":3.401456594467163,"orthographic":true}