{"cameraMode":{"drawMode":0,"name":"Shaded","section":"Shading Mode"},"sceneLighting":false,"audioPlay":false,"sceneViewState":{"m_AlwaysRefresh":false,"showFog":true,"showSkybox":true,"showFlares":true,"showImageEffects":true,"showParticleSystems":true,"showVisualEffectGraphs":true,"m_FxEnabled":true},"in2DMode":false,"pivot":{"x":10.300518989562989,"y":5.707683563232422,"z":29.225200653076173},"rotation":{"x":0.27044832706451418,"y":0.06492351740598679,"z":-0.018283039331436158,"w":0.9603685140609741},"size":3.401456594467163,"orthographic":true}