{"cameraMode":{"drawMode":0,"name":"Shaded","section":"Shading Mode"},"sceneLighting":false,"audioPlay":false,"sceneViewState":{"m_AlwaysRefresh":false,"showFog":true,"showSkybox":true,"showFlares":true,"showImageEffects":true,"showParticleSystems":true,"showVisualEffectGraphs":true,"m_FxEnabled":true},"in2DMode":false,"pivot":{"x":58.66826248168945,"y":11.251872062683106,"z":942.9283447265625},"rotation":{"x":-0.13060955703258515,"y":0.41003525257110598,"z":-0.05945102125406265,"w":-0.9007191061973572},"size":0.19415991008281709,"orthographic":false}