{"cameraMode":{"drawMode":0,"name":"Shaded","section":"Shading Mode"},"sceneLighting":true,"audioPlay":false,"sceneViewState":{"m_AlwaysRefresh":false,"showFog":true,"showSkybox":true,"showFlares":true,"showImageEffects":true,"showParticleSystems":true,"showVisualEffectGraphs":true,"m_FxEnabled":true},"in2DMode":false,"pivot":{"x":99.18082427978516,"y":11.450286865234375,"z":-37.58646011352539},"rotation":{"x":0.008457782678306103,"y":-0.7654956579208374,"z":0.6434601545333862,"w":0.010104969143867493},"size":60.76418685913086,"orthographic":true}