{"cameraMode":{"drawMode":0,"name":"Shaded","section":"Shading Mode"},"sceneLighting":false,"audioPlay":false,"sceneViewState":{"m_AlwaysRefresh":false,"showFog":true,"showSkybox":true,"showFlares":true,"showImageEffects":true,"showParticleSystems":true,"showVisualEffectGraphs":true,"m_FxEnabled":true},"in2DMode":false,"pivot":{"x":436.1423034667969,"y":-59.607242584228519,"z":695.5571899414063},"rotation":{"x":-0.7268860936164856,"y":-0.012054878287017346,"z":0.012523367069661618,"w":-0.6865919828414917},"size":47.51518249511719,"orthographic":true}