{"cameraMode":{"drawMode":0,"name":"Shaded","section":"Shading Mode"},"sceneLighting":false,"audioPlay":false,"sceneViewState":{"m_AlwaysRefresh":false,"showFog":true,"showSkybox":true,"showFlares":true,"showImageEffects":true,"showParticleSystems":true,"showVisualEffectGraphs":true,"m_FxEnabled":true},"in2DMode":false,"pivot":{"x":139.80007934570313,"y":33.04225158691406,"z":-104.50218963623047},"rotation":{"x":0.24336299300193788,"y":-0.7458773851394653,"z":0.35889923572540285,"w":0.5056703090667725},"size":73.38956451416016,"orthographic":true}