{"cameraMode":{"drawMode":0,"name":"Shaded","section":"Shading Mode"},"sceneLighting":false,"audioPlay":false,"sceneViewState":{"m_AlwaysRefresh":false,"showFog":true,"showSkybox":false,"showFlares":true,"showImageEffects":true,"showParticleSystems":true,"showVisualEffectGraphs":true,"m_FxEnabled":true},"in2DMode":false,"pivot":{"x":0.012109756469726563,"y":0.017691373825073243,"z":0.007039785385131836},"rotation":{"x":-0.19069945812225343,"y":0.17389480769634248,"z":-0.03434446081519127,"w":-0.9655174612998962},"size":4.254925727844238,"orthographic":false}