{"cameraMode":{"drawMode":0,"name":"Shaded","section":"Shading Mode"},"sceneLighting":false,"audioPlay":false,"sceneViewState":{"m_AlwaysRefresh":false,"showFog":true,"showSkybox":false,"showFlares":true,"showImageEffects":true,"showParticleSystems":true,"showVisualEffectGraphs":true,"m_FxEnabled":true},"in2DMode":false,"pivot":{"x":324.9150695800781,"y":15.405522346496582,"z":797.7485961914063},"rotation":{"x":0.0033077853731811048,"y":0.9344862103462219,"z":-0.3559086322784424,"w":0.008687643334269524},"size":13.809420585632325,"orthographic":true}