{"cameraMode":{"drawMode":0,"name":"Shaded","section":"Shading Mode"},"sceneLighting":false,"audioPlay":false,"sceneViewState":{"m_AlwaysRefresh":false,"showFog":true,"showSkybox":false,"showFlares":true,"showImageEffects":true,"showParticleSystems":true,"showVisualEffectGraphs":true,"m_FxEnabled":true},"in2DMode":false,"pivot":{"x":0.000054001808166503906,"y":0.8592162132263184,"z":-0.03881112486124039},"rotation":{"x":0.0702432170510292,"y":0.9296454787254334,"z":-0.2641989588737488,"w":0.24709689617156983},"size":1.441495656967163,"orthographic":false}