{"cameraMode":{"drawMode":0,"name":"Shaded","section":"Shading Mode"},"sceneLighting":false,"audioPlay":false,"sceneViewState":{"m_AlwaysRefresh":false,"showFog":true,"showSkybox":false,"showFlares":true,"showImageEffects":true,"showParticleSystems":true,"showVisualEffectGraphs":true,"m_FxEnabled":true},"in2DMode":false,"pivot":{"x":-1.6749904155731202,"y":-0.2474263310432434,"z":0.7725872993469238},"rotation":{"x":-0.09631195664405823,"y":0.42630183696746828,"z":-0.04570743441581726,"w":-0.8982930183410645},"size":3.231706142425537,"orthographic":false}