{"cameraMode":{"drawMode":0,"name":"Shaded","section":"Shading Mode"},"sceneLighting":true,"audioPlay":false,"sceneViewState":{"m_AlwaysRefresh":false,"showFog":true,"showSkybox":false,"showFlares":true,"showImageEffects":true,"showParticleSystems":true,"showVisualEffectGraphs":true,"m_FxEnabled":true},"in2DMode":false,"pivot":{"x":-1.9345111846923829,"y":-0.13614821434020997,"z":-0.6449092626571655},"rotation":{"x":-0.030489830300211908,"y":0.9349454045295715,"z":-0.08295978605747223,"w":-0.34361913800239565},"size":2.970207452774048,"orthographic":false}