{"cameraMode":{"drawMode":0,"name":"Shaded","section":"Shading Mode"},"sceneLighting":true,"audioPlay":false,"sceneViewState":{"m_AlwaysRefresh":false,"showFog":true,"showSkybox":false,"showFlares":true,"showImageEffects":true,"showParticleSystems":true,"showVisualEffectGraphs":true,"m_FxEnabled":true},"in2DMode":false,"pivot":{"x":0.5767303705215454,"y":0.4495234489440918,"z":0.26704415678977969},"rotation":{"x":0.015190164558589459,"y":-0.6570953130722046,"z":0.013619608245790005,"w":0.7537604570388794},"size":2.2069039344787599,"orthographic":true}