{"cameraMode":{"drawMode":0,"name":"Shaded","section":"Shading Mode"},"sceneLighting":true,"audioPlay":false,"sceneViewState":{"m_AlwaysRefresh":false,"showFog":true,"showSkybox":false,"showFlares":true,"showImageEffects":true,"showParticleSystems":true,"showVisualEffectGraphs":true,"m_FxEnabled":true},"in2DMode":false,"pivot":{"x":0.784338116645813,"y":0.5182104706764221,"z":1.2469112873077393},"rotation":{"x":0.008149790577590466,"y":0.9865055084228516,"z":-0.04972260817885399,"w":0.1569565087556839},"size":4.165936470031738,"orthographic":true}