{"cameraMode":{"drawMode":0,"name":"Shaded","section":"Shading Mode"},"sceneLighting":true,"audioPlay":false,"sceneViewState":{"m_AlwaysRefresh":false,"showFog":true,"showSkybox":false,"showFlares":true,"showImageEffects":true,"showParticleSystems":true,"showVisualEffectGraphs":true,"m_FxEnabled":true},"in2DMode":false,"pivot":{"x":1.0500001907348633,"y":0.4250364303588867,"z":0.5244755744934082},"rotation":{"x":-0.13995859026908875,"y":0.0038319204468280079,"z":-0.0007905220845714212,"w":-0.9903207421302795},"size":6.663501262664795,"orthographic":true}