{"cameraMode":{"drawMode":0,"name":"Shaded","section":"Shading Mode"},"sceneLighting":true,"audioPlay":false,"sceneViewState":{"m_AlwaysRefresh":false,"showFog":true,"showSkybox":false,"showFlares":true,"showImageEffects":true,"showParticleSystems":true,"showVisualEffectGraphs":true,"m_FxEnabled":true},"in2DMode":false,"pivot":{"x":-1.8492326736450196,"y":0.2261783629655838,"z":-0.5763110518455505},"rotation":{"x":-0.006553329527378082,"y":-0.9647892117500305,"z":0.024019071832299234,"w":-0.2620350122451782},"size":2.5417075157165529,"orthographic":true}