{"cameraMode":{"drawMode":0,"name":"Shaded","section":"Shading Mode"},"sceneLighting":true,"audioPlay":false,"sceneViewState":{"m_AlwaysRefresh":false,"showFog":true,"showSkybox":false,"showFlares":true,"showImageEffects":true,"showParticleSystems":true,"showVisualEffectGraphs":true,"m_FxEnabled":true},"in2DMode":false,"pivot":{"x":-0.35439497232437136,"y":0.3284373879432678,"z":-0.5629565119743347},"rotation":{"x":-0.0018409929471090437,"y":-0.9650588631629944,"z":0.006648608483374119,"w":-0.26210978627204897},"size":4.2607903480529789,"orthographic":true}