{"cameraMode":{"drawMode":0,"name":"Shaded","section":"Shading Mode"},"sceneLighting":true,"audioPlay":false,"sceneViewState":{"m_AlwaysRefresh":false,"showFog":true,"showSkybox":false,"showFlares":true,"showImageEffects":true,"showParticleSystems":true,"showVisualEffectGraphs":true,"m_FxEnabled":true},"in2DMode":false,"pivot":{"x":-0.5760878324508667,"y":0.1580151617527008,"z":-0.2477360963821411},"rotation":{"x":-0.01765562780201435,"y":-0.9819919466972351,"z":0.11479600518941879,"w":-0.14960171282291413},"size":1.6517205238342286,"orthographic":true}