{"cameraMode":{"drawMode":0,"name":"Shaded","section":"Shading Mode"},"sceneLighting":true,"audioPlay":false,"sceneViewState":{"m_AlwaysRefresh":false,"showFog":true,"showSkybox":false,"showFlares":true,"showImageEffects":true,"showParticleSystems":true,"showVisualEffectGraphs":true,"m_FxEnabled":true},"in2DMode":false,"pivot":{"x":-0.2582220137119293,"y":0.2367112934589386,"z":-1.333394169807434},"rotation":{"x":-0.05666793882846832,"y":-0.4201281666755676,"z":0.026044044643640519,"w":-0.905470073223114},"size":3.0891706943511965,"orthographic":true}