{"cameraMode":{"drawMode":0,"name":"Shaded","section":"Shading Mode"},"sceneLighting":false,"audioPlay":false,"sceneViewState":{"m_AlwaysRefresh":false,"showFog":true,"showSkybox":false,"showFlares":true,"showImageEffects":true,"showParticleSystems":true,"showVisualEffectGraphs":true,"m_FxEnabled":true},"in2DMode":false,"pivot":{"x":-0.07064437866210938,"y":0.013871192932128907,"z":-0.057084083557128909},"rotation":{"x":-0.19069945812225343,"y":0.17389480769634248,"z":-0.03434446081519127,"w":-0.9655174612998962},"size":16.72184181213379,"orthographic":false}