{"cameraMode":{"drawMode":0,"name":"Shaded","section":"Shading Mode"},"sceneLighting":false,"audioPlay":false,"sceneViewState":{"m_AlwaysRefresh":false,"showFog":true,"showSkybox":false,"showFlares":true,"showImageEffects":true,"showParticleSystems":true,"showVisualEffectGraphs":true,"m_FxEnabled":true},"in2DMode":false,"pivot":{"x":0.02608621120452881,"y":0.47971630096435549,"z":0.06329584121704102},"rotation":{"x":-0.031118281185626985,"y":0.9358683228492737,"z":-0.3404524326324463,"w":-0.08559778332710266},"size":1.7877633571624756,"orthographic":false}