{"cameraMode":{"drawMode":0,"name":"Shaded","section":"Shading Mode"},"sceneLighting":false,"audioPlay":false,"sceneViewState":{"m_AlwaysRefresh":false,"showFog":true,"showSkybox":false,"showFlares":true,"showImageEffects":true,"showParticleSystems":true,"showVisualEffectGraphs":true,"m_FxEnabled":true},"in2DMode":false,"pivot":{"x":0.10332171618938446,"y":0.11676032841205597,"z":1.4282419681549073},"rotation":{"x":0.0560435950756073,"y":-0.8998151421546936,"z":0.12075184285640717,"w":0.4158414304256439},"size":11.128151893615723,"orthographic":true}