{"cameraMode":{"drawMode":0,"name":"Shaded","section":"Shading Mode"},"sceneLighting":false,"audioPlay":false,"sceneViewState":{"m_AlwaysRefresh":false,"showFog":true,"showSkybox":false,"showFlares":true,"showImageEffects":true,"showParticleSystems":true,"showVisualEffectGraphs":true,"m_FxEnabled":true},"in2DMode":false,"pivot":{"x":0.09818828105926514,"y":-0.051858603954315189,"z":-0.09938657283782959},"rotation":{"x":-0.19069945812225343,"y":0.17389480769634248,"z":-0.03434446081519127,"w":-0.9655174612998962},"size":1.0481125116348267,"orthographic":false}