{"cameraMode":{"drawMode":0,"name":"Shaded","section":"Shading Mode"},"sceneLighting":false,"audioPlay":false,"sceneViewState":{"m_AlwaysRefresh":false,"showFog":true,"showSkybox":false,"showFlares":true,"showImageEffects":true,"showParticleSystems":true,"showVisualEffectGraphs":true,"m_FxEnabled":true},"in2DMode":false,"pivot":{"x":0.008292019367218018,"y":0.21538257598876954,"z":-0.005463719367980957},"rotation":{"x":-0.031118281185626985,"y":0.9358683228492737,"z":-0.3404524326324463,"w":-0.08559778332710266},"size":0.7456857562065125,"orthographic":false}