{"cameraMode":{"drawMode":0,"name":"Shaded","section":"Shading Mode"},"sceneLighting":false,"audioPlay":false,"sceneViewState":{"m_AlwaysRefresh":false,"showFog":true,"showSkybox":false,"showFlares":true,"showImageEffects":true,"showParticleSystems":true,"showVisualEffectGraphs":true,"m_FxEnabled":true},"in2DMode":false,"pivot":{"x":-0.0742737278342247,"y":0.11354093998670578,"z":-0.034541159868240359},"rotation":{"x":-0.012457193806767464,"y":0.9780774712562561,"z":-0.19867198169231416,"w":-0.06141302362084389},"size":0.08037597686052323,"orthographic":false}