{"cameraMode":{"drawMode":0,"name":"Shaded","section":"Shading Mode"},"sceneLighting":false,"audioPlay":false,"sceneViewState":{"m_AlwaysRefresh":false,"showFog":true,"showSkybox":false,"showFlares":true,"showImageEffects":true,"showParticleSystems":true,"showVisualEffectGraphs":true,"m_FxEnabled":true},"in2DMode":false,"pivot":{"x":1.6260104179382325,"y":-1.0942554473876954,"z":0.11933112144470215},"rotation":{"x":-0.04126212000846863,"y":0.9287126660346985,"z":-0.3521175980567932,"w":-0.10888495296239853},"size":1.8357502222061158,"orthographic":false}