{"cameraMode":{"drawMode":0,"name":"Shaded","section":"Shading Mode"},"sceneLighting":false,"audioPlay":false,"sceneViewState":{"m_AlwaysRefresh":false,"showFog":true,"showSkybox":false,"showFlares":true,"showImageEffects":true,"showParticleSystems":true,"showVisualEffectGraphs":true,"m_FxEnabled":true},"in2DMode":false,"pivot":{"x":0.010856389999389649,"y":0.47290873527526858,"z":-0.0693124532699585},"rotation":{"x":-0.031118281185626985,"y":0.9358683228492737,"z":-0.3404524326324463,"w":-0.08559778332710266},"size":1.7192895412445069,"orthographic":false}