{"cameraMode":{"drawMode":0,"name":"Shaded","section":"Shading Mode"},"sceneLighting":false,"audioPlay":false,"sceneViewState":{"m_AlwaysRefresh":false,"showFog":true,"showSkybox":false,"showFlares":true,"showImageEffects":true,"showParticleSystems":true,"showVisualEffectGraphs":true,"m_FxEnabled":true},"in2DMode":false,"pivot":{"x":-0.651448667049408,"y":2.69539213180542,"z":-0.7646999359130859},"rotation":{"x":-0.0061700898222625259,"y":0.9871429800987244,"z":-0.03940851241350174,"w":-0.15495572984218598},"size":3.0396716594696047,"orthographic":false}