{"cameraMode":{"drawMode":0,"name":"Shaded","section":"Shading Mode"},"sceneLighting":false,"audioPlay":false,"sceneViewState":{"m_AlwaysRefresh":false,"showFog":true,"showSkybox":false,"showFlares":true,"showImageEffects":true,"showParticleSystems":true,"showVisualEffectGraphs":true,"m_FxEnabled":true},"in2DMode":false,"pivot":{"x":0.010948911309242249,"y":0.15840375423431397,"z":-0.0008930712938308716},"rotation":{"x":-0.012457193806767464,"y":0.9780774712562561,"z":-0.19867198169231416,"w":-0.06141302362084389},"size":0.23934556543827058,"orthographic":false}