{"cameraMode":{"drawMode":0,"name":"Shaded","section":"Shading Mode"},"sceneLighting":false,"audioPlay":false,"sceneViewState":{"m_AlwaysRefresh":false,"showFog":true,"showSkybox":false,"showFlares":true,"showImageEffects":true,"showParticleSystems":true,"showVisualEffectGraphs":true,"m_FxEnabled":true},"in2DMode":false,"pivot":{"x":1.4902589321136475,"y":201.84637451171876,"z":242.6548309326172},"rotation":{"x":0.026684900745749475,"y":0.9576404094696045,"z":-0.27123039960861208,"w":0.09425204247236252},"size":246.54173278808595,"orthographic":true}