{"cameraMode":{"drawMode":0,"name":"Shaded","section":"Shading Mode"},"sceneLighting":false,"audioPlay":false,"sceneViewState":{"m_AlwaysRefresh":false,"showFog":true,"showSkybox":false,"showFlares":true,"showImageEffects":true,"showParticleSystems":true,"showVisualEffectGraphs":true,"m_FxEnabled":true},"in2DMode":false,"pivot":{"x":0.00006794929504394531,"y":1.0269838571548463,"z":-0.05104181170463562},"rotation":{"x":0.0702432170510292,"y":0.9296454787254334,"z":-0.2641989588737488,"w":0.24709689617156983},"size":1.3213549852371216,"orthographic":false}