{"cameraMode":{"drawMode":0,"name":"Shaded","section":"Shading Mode"},"sceneLighting":false,"audioPlay":false,"sceneViewState":{"m_AlwaysRefresh":false,"showFog":true,"showSkybox":false,"showFlares":true,"showImageEffects":true,"showParticleSystems":true,"showVisualEffectGraphs":true,"m_FxEnabled":true},"in2DMode":false,"pivot":{"x":-0.009448736906051636,"y":0.7137184143066406,"z":-0.031411439180374148},"rotation":{"x":-0.02419567108154297,"y":0.9764306545257568,"z":-0.1574067771434784,"w":-0.1469157636165619},"size":0.9099894165992737,"orthographic":true}