{"cameraMode":{"drawMode":0,"name":"Shaded","section":"Shading Mode"},"sceneLighting":false,"audioPlay":false,"sceneViewState":{"m_AlwaysRefresh":false,"showFog":true,"showSkybox":false,"showFlares":true,"showImageEffects":true,"showParticleSystems":true,"showVisualEffectGraphs":true,"m_FxEnabled":true},"in2DMode":false,"pivot":{"x":-1.1249628067016602,"y":1.1941442489624024,"z":-0.16220498085021974},"rotation":{"x":0.27575111389160159,"y":-0.5921186804771423,"z":0.2259223312139511,"w":0.7227138876914978},"size":4.573277950286865,"orthographic":false}