{"cameraMode":{"drawMode":0,"name":"Shaded","section":"Shading Mode"},"sceneLighting":false,"audioPlay":false,"sceneViewState":{"m_AlwaysRefresh":false,"showFog":true,"showSkybox":false,"showFlares":true,"showImageEffects":true,"showParticleSystems":true,"showVisualEffectGraphs":true,"m_FxEnabled":true},"in2DMode":false,"pivot":{"x":-0.07975196838378906,"y":0.4989537000656128,"z":-0.5161080360412598},"rotation":{"x":0.005187854170799255,"y":-0.8260963559150696,"z":0.00735346507281065,"w":0.5637093186378479},"size":1.5084412097930909,"orthographic":true}