{"cameraMode":{"drawMode":0,"name":"Shaded","section":"Shading Mode"},"sceneLighting":false,"audioPlay":false,"sceneViewState":{"m_AlwaysRefresh":false,"showFog":true,"showSkybox":false,"showFlares":true,"showImageEffects":true,"showParticleSystems":true,"showVisualEffectGraphs":true,"m_FxEnabled":true},"in2DMode":false,"pivot":{"x":-5.217940807342529,"y":-0.43389391899108889,"z":-2.2817487716674806},"rotation":{"x":0.025400161743164064,"y":-0.9042289853096008,"z":0.054318949580192569,"w":0.42282259464263918},"size":5.04806661605835,"orthographic":false}