{"cameraMode":{"drawMode":0,"name":"Shaded","section":"Shading Mode"},"sceneLighting":false,"audioPlay":false,"sceneViewState":{"m_AlwaysRefresh":false,"showFog":true,"showSkybox":false,"showFlares":true,"showImageEffects":true,"showParticleSystems":true,"showVisualEffectGraphs":true,"m_FxEnabled":true},"in2DMode":false,"pivot":{"x":-0.024939842522144319,"y":0.40184158086776736,"z":-0.14093653857707978},"rotation":{"x":0.004498601425439119,"y":-0.014998718164861203,"z":0.00004882737994194031,"w":0.9998862147331238},"size":3.3215396404266359,"orthographic":true}