{"cameraMode":{"drawMode":0,"name":"Shaded","section":"Shading Mode"},"sceneLighting":false,"audioPlay":false,"sceneViewState":{"m_AlwaysRefresh":false,"showFog":true,"showSkybox":false,"showFlares":true,"showImageEffects":true,"showParticleSystems":true,"showVisualEffectGraphs":true,"m_FxEnabled":true},"in2DMode":false,"pivot":{"x":-0.024939842522144319,"y":0.40184158086776736,"z":-0.14093653857707978},"rotation":{"x":0.7094268798828125,"y":-0.01797664165496826,"z":0.01808110624551773,"w":0.7043359279632568},"size":3.3215396404266359,"orthographic":true}